**** All Elevator Calls (time,src,dest,state,elev dt) stage 9 ****
Elevator call,4.181791416969872,-7,-4,3,3, Done, dt, 44.81820858303013
Elevator call,9.088234750896163,-8,24,3,3, Done, dt, 106.91176524910384
Elevator call,23.235924121476728,-5,-3,3,3, Done, dt, 47.76407587852327
Elevator call,25.401489874449226,-4,86,3,3, Done, dt, 147.59851012555077
Elevator call,26.510341549025043,-3,-4,3,3, Done, dt, 66.48965845097496
Elevator call,47.1361150824805,-4,93,3,1, Done, dt, 64.8638849175195
Elevator call,48.17946317881706,-7,5,3,3, Done, dt, 55.82053682118294
Elevator call,59.41774733953457,-6,16,3,0, Done, dt, 36.58225266046543
Elevator call,59.8832891414022,-1,95,3,1, Done, dt, 63.1167108585978
Elevator call,61.94089619280976,-3,60,3,1, Done, dt, 36.05910380719024
Elevator call,65.68076513617825,-2,61,3,3, Done, dt, 84.31923486382175
Elevator call,75.72747458099184,-3,78,3,0, Done, dt, 43.27252541900816
Elevator call,80.54056995114593,-1,-2,3,1, Done, dt, 73.45943004885407
Elevator call,81.83610880045785,-4,71,3,3, Done, dt, 79.16389119954215
Elevator call,82.2221532378262,-4,84,3,6, Done, dt, 55.777846762173795
Elevator call,82.9367101264711,-4,46,3,6, Done, dt, 35.0632898735289
Elevator call,92.10943365362255,-8,49,3,7, Done, dt, 56.890566346377454
Elevator call,95.13692146543258,-5,2,3,7, Done, dt, 31.86307853456742
Elevator call,103.50040131951914,26,49,3,3, Done, dt, 35.49959868048086
Elevator call,121.34340971707047,-5,-1,3,8, Done, dt, 77.65659028292953
Elevator call,123.80909763203749,-8,-7,3,8, Done, dt, 20.190902367962508
Elevator call,132.11021714697108,-2,-3,3,8, Done, dt, 230.88978285302892
Elevator call,132.77424796408013,-8,11,3,8, Done, dt, 101.22575203591987
Elevator call,133.09649437009057,-6,-5,3,8, Done, dt, 32.90350562990943
Elevator call,139.35195885055145,-6,24,3,8, Done, dt, 118.64804114944855
Elevator call,140.07774477672046,-7,-9,3,1, Done, dt, 35.922255223279535
Elevator call,158.57731790638832,-2,55,3,8, Done, dt, 117.42268209361168
Elevator call,162.5783865236599,-3,17,3,8, Done, dt, 83.4216134763401
Elevator call,163.91308820296035,50,66,3,7, Done, dt, 25.086911797039647
Elevator call,166.5792335185672,14,-9,3,9, Done, dt, 105.42076648143279
Elevator call,171.13205518139944,-3,96,3,9, Done, dt, 53.86794481860056
Elevator call,173.23861817569536,-3,93,3,5, Done, dt, 55.761381824304635
Elevator call,175.25865387749332,80,90,3,0, Done, dt, 23.741346122506684
Elevator call,176.05584441521182,-4,-6,3,8, Done, dt, 208.94415558478818
Elevator call,180.32450295442027,-1,97,3,8, Done, dt, 136.67549704557973
Elevator call,191.66816507786712,-6,41,3,1, Done, dt, 92.33183492213288
Elevator call,193.1424188236001,-4,80,3,1, Done, dt, 125.85758117639989
Elevator call,194.5707567899667,-7,55,3,1, Done, dt, 101.42924321003329
Elevator call,196.8933046032405,0,74,3,8, Done, dt, 94.1066953967595
Elevator call,199.35338281051418,-5,-7,3,3, Done, dt, 24.646617189485823
Elevator call,202.0588368179283,2,81,3,8, Done, dt, 100.9411631820717
Elevator call,213.06929338362033,-1,2,3,1, Done, dt, 34.930706616379666
Elevator call,214.17098735159698,-1,55,3,1, Done, dt, 81.82901264840302
Elevator call,229.62913236711142,20,34,3,3, Done, dt, 47.370867632888576
Elevator call,230.3311762251119,-6,3,3,3, Done, dt, 22.668823774888097
Elevator call,234.18846669070967,-8,63,3,2, Done, dt, 77.81153330929033
Elevator call,236.19603518656163,-1,4,3,1, Done, dt, 33.80396481343837
Elevator call,245.00118178951175,-2,-7,3,2, Done, dt, 122.99881821048825
Elevator call,247.15937656576716,-6,74,3,1, Done, dt, 60.84062343423284
Elevator call,248.1361863827858,0,1,3,2, Done, dt, 22.86381361721419
Elevator call,255.08826677060074,-6,68,3,4, Done, dt, 81.91173322939926
Elevator call,255.68451652489853,-7,7,3,4, Done, dt, 40.31548347510147
Elevator call,262.0684767119137,-2,-3,3,7, Done, dt, 61.93152328808628
Elevator call,265.26480430256083,-6,90,3,4, Done, dt, 92.73519569743917
Elevator call,265.7078420957587,-9,49,3,0, Done, dt, 116.29215790424132
Elevator call,271.17696859816374,0,-7,3,7, Done, dt, 63.82303140183626
Elevator call,286.67337734089233,-6,-2,3,9, Done, dt, 45.32662265910767
Elevator call,287.7026182210793,-4,32,3,9, Done, dt, 95.29738177892068
Elevator call,287.7486588771819,-3,75,3,9, Done, dt, 116.25134112281808
Elevator call,289.24082415834073,-1,92,3,9, Done, dt, 139.75917584165927
Elevator call,290.46178777128875,-1,-8,3,7, Done, dt, 55.538212228711245
Elevator call,291.30132332590165,-6,86,3,9, Done, dt, 125.69867667409835
Elevator call,296.44641065700944,-8,-4,3,0, Done, dt, 43.55358934299056
Elevator call,299.50385926951026,-6,-5,3,0, Done, dt, 29.496140730489742
Elevator call,302.93773805633555,-8,-3,3,3, Done, dt, 25.062261943664453
Elevator call,306.65262159801273,-5,98,3,0, Done, dt, 106.34737840198727
Elevator call,309.2553589061131,-6,18,3,0, Done, dt, 45.74464109388691
Elevator call,314.8148905671228,28,50,3,0, Done, dt, 78.1851094328772
Elevator call,319.921273675204,-1,17,3,9, Done, dt, 49.07872632479598
Elevator call,321.148483898663,-2,-7,3,1, Done, dt, 52.85151610133698
Elevator call,323.5937696949097,0,-5,3,1, Done, dt, 39.406230305090276
Elevator call,325.864100845175,-7,-6,3,6, Done, dt, 44.13589915482498
Elevator call,326.8172244703037,18,69,3,3, Done, dt, 123.1827755296963
Elevator call,330.35945579752206,-7,-8,3,5, Done, dt, 77.64054420247794
Elevator call,342.83768345641806,-5,9,3,3, Done, dt, 51.16231654358194
Elevator call,343.0926825829945,62,-2,3,5, Done, dt, 41.907317417005515
Elevator call,345.53960262869464,-1,0,3,3, Done, dt, 26.460397371305362
Elevator call,345.8336522440543,0,97,3,9, Done, dt, 95.16634775594571
Elevator call,352.6777742067852,8,-2,3,7, Done, dt, 27.322225793214784
Elevator call,358.0458119846496,-2,4,3,7, Done, dt, 43.95418801535038
Elevator call,363.40017181747794,-5,-4,3,6, Done, dt, 28.59982818252206
Elevator call,364.9921415409958,8,51,3,3, Done, dt, 63.00785845900418
Elevator call,365.1533127424707,-7,89,3,4, Done, dt, 117.84668725752931
Elevator call,380.0707448639573,-3,4,3,1, Done, dt, 23.929255136042684
Elevator call,384.8563211642752,0,29,3,7, Done, dt, 44.14367883572481
Elevator call,390.09615924654486,27,57,3,3, Done, dt, 48.90384075345514
Elevator call,395.45742253599815,-4,26,3,8, Done, dt, 41.54257746400185
Elevator call,395.73854759820074,-3,78,3,8, Done, dt, 74.26145240179926
Elevator call,396.43490731897555,-4,58,3,8, Done, dt, 58.56509268102445
Elevator call,411.28077062611897,-4,68,3,6, Done, dt, 61.719229373881035
Elevator call,413.6312135767005,-7,35,3,2, Done, dt, 32.368786423299525
Elevator call,414.27507274689106,-7,-9,3,2, Done, dt, 73.72492725310894
Elevator call,419.45066909253546,-4,-5,3,1, Done, dt, 23.549330907464537
Elevator call,428.5102982477317,0,50,3,6, Done, dt, 29.489701752268275
Elevator call,429.0659883391452,-3,-4,3,5, Done, dt, 23.93401166085482
Elevator call,433.81811051591444,64,-4,3,7, Done, dt, 46.18188948408556
Elevator call,434.3958314542647,-5,-4,3,5, Done, dt, 40.60416854573532
Elevator call,440.1727155746237,-7,35,3,9, Done, dt, 57.82728442537632
Elevator call,453.66607097561405,-6,19,3,1, Done, dt, 78.33392902438595
Elevator call,454.5668277269865,22,39,3,3, Done, dt, 26.433172273013497
Elevator call,463.0393564689623,-5,39,3,0, Done, dt, 31.960643531037704
Elevator call,469.18477615398206,-3,49,3,1, Done, dt, 86.81522384601794
Elevator call,471.75471110342323,-7,89,3,8, Done, dt, 66.24528889657677
Elevator call,473.0429549101448,21,63,3,1, Done, dt, 94.95704508985523
Elevator call,474.3070306977895,-4,-5,3,5, Done, dt, 33.692969302210486
Elevator call,474.45165142120936,-2,97,3,1, Done, dt, 107.54834857879064
Elevator call,478.91208064371153,-1,17,3,1, Done, dt, 42.08791935628847
Elevator call,486.59299549223806,-2,0,3,1, Done, dt, 22.40700450776194
Elevator call,492.78010095888385,-4,-9,3,7, Done, dt, 12.21989904111615
Elevator call,494.49936123784255,-6,0,3,2, Done, dt, 37.50063876215745
Elevator call,497.2462712854499,-8,-9,3,1, Done, dt, 116.7537287145501
Elevator call,505.73075118422025,-5,22,3,2, Done, dt, 47.26924881577975
Elevator call,518.0674873174714,-2,4,3,5, Done, dt, 46.93251268252857
Elevator call,518.8597307131602,-1,31,3,5, Done, dt, 76.14026928683984
Elevator call,519.7795508562642,-2,89,3,5, Done, dt, 125.22044914373578
Elevator call,520.6845259397767,0,75,3,5, Done, dt, 99.31547406022332
Elevator call,522.889054075712,40,-6,3,0, Done, dt, 31.11094592428799
Elevator call,526.3233810051688,0,86,3,5, Done, dt, 107.67661899483119
Elevator call,533.5237445680609,-8,-3,3,7, Done, dt, 24.47625543193908
Elevator call,545.005345460256,0,5,3,5, Done, dt, 30.994654539744033
Elevator call,548.3665337616183,-7,-5,3,4, Done, dt, 12.633466238381743
Elevator call,548.6900304155893,0,56,3,9, Done, dt, 60.30996958441074
Elevator call,549.1632702255095,-8,77,3,9, Done, dt, 85.83672977449055
Elevator call,553.5609082468886,90,0,3,6, Done, dt, 49.43909175311137
Elevator call,555.4552072096462,-6,54,3,0, Done, dt, 23.544792790353767
Elevator call,559.1940814206334,96,-4,3,3, Done, dt, 36.80591857936656
Elevator call,566.051026142758,-3,14,3,7, Done, dt, 15.948973857241981
Elevator call,572.8436948832027,-3,59,3,9, Done, dt, 47.156305116797284
Elevator call,574.1047389248945,-9,-5,3,8, Done, dt, 33.89526107510551
Elevator call,574.3481746217017,-3,32,3,4, Done, dt, 59.65182537829833
Elevator call,574.3681907472371,-6,36,3,8, Done, dt, 54.63180925276288
Elevator call,584.0225092481037,-4,23,3,7, Done, dt, 32.97749075189631
Elevator call,589.3220302157054,-1,0,3,4, Done, dt, 18.677969784294646
Elevator call,593.4238521989803,-5,43,3,8, Done, dt, 47.576147801019715
Elevator call,595.240301638556,-4,-5,3,0, Done, dt, 34.75969836144395
Elevator call,602.3119125558949,-7,96,3,2, Done, dt, 87.68808744410512
Elevator call,612.6685743284766,40,49,3,7, Done, dt, 32.33142567152345
Elevator call,615.3214705159708,-4,-1,3,1, Done, dt, 23.67852948402924
Elevator call,616.5834013066426,13,-4,3,1, Done, dt, 57.4165986933574
Elevator call,617.2617391996332,30,-4,3,3, Done, dt, 30.73826080036679
Elevator call,625.6737731707408,-8,71,3,6, Done, dt, 42.32622682925921
Elevator call,645.8408958488867,-4,-5,3,0, Done, dt, 22.159104151113297
Elevator call,646.3320949034612,-4,85,3,0, Done, dt, 145.6679050965388
Elevator call,646.8274070936961,-3,71,3,0, Done, dt, 121.17259290630386
Elevator call,651.6616100376652,-9,-10,3,3, Done, dt, 22.33838996233476
Elevator call,652.3423759040506,-9,-5,3,8, Done, dt, 34.65762409594936
Elevator call,654.9657471123203,0,-9,3,1, Done, dt, 30.034252887679713
Elevator call,660.82094918865,-9,-8,3,4, Done, dt, 42.17905081134995
Elevator call,668.0095443645687,91,-9,3,5, Done, dt, 55.99045563543132
Elevator call,670.053024366634,0,-7,3,7, Done, dt, 23.946975633366037
Elevator call,670.7006556882616,-5,-2,3,7, Done, dt, 56.29934431173842
Elevator call,671.2986521056093,-2,67,3,7, Done, dt, 104.70134789439066
Elevator call,672.6859669912708,2,17,3,0, Done, dt, 63.31403300872921
Elevator call,674.3611196645684,-5,78,3,3, Done, dt, 62.63888033543162
Elevator call,674.9750781625828,0,82,3,0, Done, dt, 106.0249218374172
Elevator call,680.0040159326797,-6,-7,3,6, Done, dt, 52.99598406732025
Elevator call,683.9214709330106,-6,43,3,9, Done, dt, 54.078529066989404
Elevator call,685.7899147281221,-4,53,3,3, Done, dt, 38.210085271877915
Elevator call,685.9465266555999,-5,62,3,1, Done, dt, 29.053473344400118
Elevator call,686.8809676294788,-2,48,3,0, Done, dt, 66.11903237052115
Elevator call,690.5548998731508,4,90,3,3, Done, dt, 57.445100126849184
Elevator call,694.5321945201167,20,-8,3,6, Done, dt, 49.46780547988328
Elevator call,704.2817283322047,-4,66,3,7, Done, dt, 60.71827166779531
Elevator call,704.9255676993887,-9,-1,3,8, Done, dt, 13.074432300611306
Elevator call,725.0774220554047,-3,-9,3,8, Done, dt, 24.922577944595332
Elevator call,725.3808385116606,-6,75,3,5, Done, dt, 91.61916148833939
Elevator call,726.501528815714,-2,78,3,7, Done, dt, 62.49847118428602
Elevator call,728.9204567603763,-9,26,3,4, Done, dt, 39.07954323962372
Elevator call,738.0653974381796,0,70,3,4, Done, dt, 61.934602561820384
Elevator call,738.1397752634139,-4,4,3,5, Done, dt, 34.86022473658613
Elevator call,740.1307920286756,-8,84,3,1, Done, dt, 79.86920797132439
Elevator call,750.69381806053,0,51,3,5, Done, dt, 48.30618193946998
Elevator call,751.1946710751711,63,-7,3,3, Done, dt, 41.80532892482893
Elevator call,754.9447179481451,63,-2,3,3, Done, dt, 27.055282051854874
Elevator call,758.7157373503271,-5,55,3,1, Done, dt, 48.28426264967288
Elevator call,764.4626482566839,85,-6,3,7, Done, dt, 69.5373517433161
Elevator call,766.0673791986399,87,77,3,9, Done, dt, 47.932620801360144
Elevator call,768.3495790611828,-7,44,3,2, Done, dt, 57.650420938817206
Elevator call,771.1416490115539,-6,24,3,2, Done, dt, 34.85835098844609
Elevator call,771.490300327217,-2,23,3,1, Done, dt, 21.509699672782972
Elevator call,780.4436244298488,38,-3,3,0, Done, dt, 50.556375570151204
Elevator call,782.9467623474108,-2,8,3,6, Done, dt, 79.05323765258925
Elevator call,783.8184835126996,-6,31,3,6, Done, dt, 126.18151648730043
Elevator call,784.3560429846532,58,-4,3,8, Done, dt, 63.643957015346814
Elevator call,784.6461974899277,-2,-8,3,8, Done, dt, 74.35380251007234
Elevator call,785.7707852436414,-7,17,3,6, Done, dt, 89.2292147563586
Elevator call,786.4953523719712,-4,23,3,6, Done, dt, 100.5046476280288
Elevator call,789.0527516354119,-9,90,3,8, Done, dt, 125.94724836458806
Elevator call,791.9329289689284,-6,-4,3,6, Done, dt, 25.067071031071578
Elevator call,795.3461922336536,-2,-7,3,3, Done, dt, 22.653807766346404
Elevator call,803.8269297279746,-8,-2,3,4, Done, dt, 62.17307027202537
Elevator call,806.3304576538751,-2,68,3,3, Done, dt, 146.6695423461249
Elevator call,813.828160408871,-8,-3,3,3, Done, dt, 59.171839591129014
Elevator call,815.1884757787026,-9,22,3,3, Done, dt, 102.81152422129742
Elevator call,816.295641574233,-3,30,3,6, Done, dt, 82.70435842576705
Elevator call,819.2341386380958,-5,40,3,1, Done, dt, 120.76586136190417
Elevator call,820.5004117070181,-6,-8,3,0, Done, dt, 32.49958829298191
Elevator call,821.0035424564338,-3,0,3,6, Done, dt, 28.99645754356618
Elevator call,827.1554342836708,-2,33,3,6, Done, dt, 93.84456571632916
Elevator call,828.4291496803027,-2,52,3,6, Done, dt, 107.57085031969734
Elevator call,832.276301012376,-6,33,3,3, Done, dt, 96.72369898762395
Elevator call,839.3692862006214,-9,67,3,3, Done, dt, 102.63071379937855
Elevator call,842.2040746458388,16,33,3,1, Done, dt, 86.79592535416123
Elevator call,842.2405379274242,-4,10,3,1, Done, dt, 52.75946207257584
Elevator call,842.3650932299829,-8,44,3,7, Done, dt, 34.634906770017096
Elevator call,845.4214996495956,-9,81,3,9, Done, dt, 67.5785003504044
Elevator call,846.9077572903503,79,-7,3,5, Done, dt, 61.09224270964967
Elevator call,848.6894456349697,-4,-1,3,1, Done, dt, 24.31055436503027
Elevator call,856.0403285603771,-9,15,3,0, Done, dt, 26.959671439622866
Elevator call,863.895923216829,0,55,3,1, Done, dt, 88.10407678317097
Elevator call,864.359295674277,0,76,3,1, Done, dt, 100.64070432572305
Elevator call,866.6989970511988,-6,-2,3,2, Done, dt, 47.30100294880117
Elevator call,867.2166567003648,0,20,3,1, Done, dt, 49.78334329963525
Elevator call,872.9847192232742,-1,0,3,1, Done, dt, 11.015280776725831
Elevator call,873.118315583685,32,-2,3,2, Done, dt, 198.881684416315
Elevator call,885.5908011724378,39,-6,3,7, Done, dt, 35.40919882756225
Elevator call,886.7445845636927,-3,55,3,4, Done, dt, 74.25541543630732
Elevator call,888.0950713576301,0,14,3,3, Done, dt, 18.904928642369896
Elevator call,889.3261485733798,-5,-9,3,5, Done, dt, 29.673851426620217
Elevator call,889.9477497111027,-5,87,3,4, Done, dt, 97.05225028889731
Elevator call,891.9797376780748,-5,-4,3,4, Done, dt, 19.020262321925202
Elevator call,902.5104048384331,-6,47,3,0, Done, dt, 36.489595161566854
Elevator call,909.735555758748,0,42,3,2, Done, dt, 66.26444424125202
Elevator call,912.7398542961308,0,86,3,2, Done, dt, 95.26014570386917
Elevator call,918.4344403131109,36,0,3,9, Done, dt, 35.56555968688906
Elevator call,922.2746787078116,7,-6,3,7, Done, dt, 28.72532129218837
Elevator call,922.6406284570894,87,-7,3,8, Done, dt, 66.3593715429106
Elevator call,924.1034606979406,72,-3,3,8, Done, dt, 53.89653930205941
Elevator call,930.1398886357268,-9,29,3,5, Done, dt, 24.860111364273166
Elevator call,940.2094486969289,-3,97,3,6, Done, dt, 270.7905513030711
Elevator call,940.2730228839391,24,30,3,2, Done, dt, 19.72697711606088
Elevator call,954.9932392777995,30,-3,3,5, Done, dt, 32.00676072220051
Elevator call,958.9509054429163,63,-5,3,3, Done, dt, 28.049094557083663
Elevator call,963.4262853758344,0,-4,3,0, Done, dt, 23.573714624165632
Elevator call,969.750266656369,-2,30,3,6, Done, dt, 77.24973334363096
Elevator call,970.8400671259824,-6,0,3,9, Done, dt, 56.15993287401761
Elevator call,971.4571037128217,-3,28,3,9, Done, dt, 72.54289628717834
Elevator call,973.0380805057067,-7,-9,3,8, Done, dt, 26.961919494293284
Elevator call,974.1521738634532,-1,20,3,6, Done, dt, 38.847826136546814
Elevator call,974.6240768353061,-5,55,3,9, Done, dt, 86.37592316469386
Elevator call,974.8492392612048,4,29,3,7, Done, dt, 28.150760738795157
Elevator call,978.1060190923591,-3,-1,3,9, Done, dt, 37.89398090764087
Elevator call,980.0218721817095,0,89,3,6, Done, dt, 218.97812781829055
Elevator call,982.9829900844678,65,64,3,1, Done, dt, 24.017009915532185
Elevator call,987.4565812610923,-5,99,3,3, Done, dt, 41.54341873890769
Elevator call,991.8380642194511,-1,94,3,3, Done, dt, 26.1619357805489
Elevator call,1004.5840937418457,-3,-4,3,5, Done, dt, 11.415906258154337
Elevator call,1006.644668280045,0,-2,3,0, Done, dt, 12.355331719954961
Elevator call,1007.3764517652253,-4,34,3,0, Done, dt, 50.62354823477472
Elevator call,1010.2787265123015,27,-8,3,1, Done, dt, 49.721273487698454
Elevator call,1012.0694341543701,26,60,3,6, Done, dt, 62.93056584562987
Elevator call,1015.4481219926282,27,64,3,6, Done, dt, 126.55187800737178
Elevator call,1015.6514805206564,-9,8,3,8, Done, dt, 16.348519479343622
Elevator call,1016.6392689028651,16,0,3,1, Done, dt, 32.36073109713493
Elevator call,1018.7646483953819,-4,39,3,5, Done, dt, 26.23535160461813
Elevator call,1027.3156228747575,45,81,3,6, Done, dt, 159.68437712524246
Elevator call,1028.1439725817431,-9,59,3,7, Done, dt, 411.8560274182569
Elevator call,1030.8777840426587,0,88,3,0, Done, dt, 48.12221595734127
Elevator call,1035.635794733466,6,67,3,8, Done, dt, 37.3642052665341
Elevator call,1038.0386793004955,-4,62,3,3, Done, dt, 241.96132069950454
Elevator call,1038.6819925044956,-9,47,3,3, Done, dt, 208.3180074955044
Elevator call,1042.3053763174883,-3,13,3,4, Done, dt, 73.69462368251175
Elevator call,1042.6373575638618,-3,89,3,7, Done, dt, 467.36264243613823
Elevator call,1043.574103046873,76,-4,3,3, Done, dt, 453.425896953127
Elevator call,1044.0177868397086,-6,0,3,7, Done, dt, 64.9822131602914
Elevator call,1046.6322545309663,67,74,3,6, Done, dt, 128.3677454690337
Elevator call,1053.848650109099,-5,25,3,7, Done, dt, 82.15134989090097
Elevator call,1057.4188522281975,-5,67,3,7, Done, dt, 415.58114777180253
Elevator call,1059.5361171319416,-2,56,3,3, Done, dt, 198.46388286805836
Elevator call,1059.7857512311089,16,0,3,1, Done, dt, 25.21424876889114
Elevator call,1059.8037666133275,-4,3,3,7, Done, dt, 60.196233386672475
Elevator call,1062.518091595676,64,-6,3,9, Done, dt, 41.48190840432403
Elevator call,1069.5595427334245,7,85,3,3, Done, dt, 233.44045726657555
Elevator call,1071.377467635915,-9,-1,3,5, Done, dt, 39.62253236408492
Elevator call,1071.6887447678382,-8,18,3,2, Done, dt, 46.311255232161784
Elevator call,1073.5645592943752,-5,82,3,3, Done, dt, 218.43544070562484
Elevator call,1074.0805898827575,-9,-1,3,6, Done, dt, 40.91941011724248
Elevator call,1076.3729006352546,-9,94,3,3, Done, dt, 248.6270993647454
Elevator call,1077.2097449757084,-1,5,3,3, Done, dt, 112.79025502429158
Elevator call,1078.8042136153877,-7,68,3,0, Done, dt, 54.19578638461235
Elevator call,1081.6127537979828,-3,63,3,7, Done, dt, 380.3872462020172
Elevator call,1081.7301636082698,-9,33,3,3, Done, dt, 153.26983639173022
Elevator call,1082.3864040054536,-7,-3,3,3, Done, dt, 52.61359599454636
Elevator call,1089.3149239502677,-1,49,3,7, Done, dt, 73.68507604973229
Elevator call,1089.7957601221347,-5,18,3,3, Done, dt, 133.20423987786535
Elevator call,1091.2194687687856,-3,0,3,3, Done, dt, 87.78053123121435
Elevator call,1095.1815471760412,-2,15,3,3, Done, dt, 116.81845282395875
Elevator call,1096.0999823021803,-5,98,3,3, Done, dt, 239.90001769781975
Elevator call,1096.6054894566926,-8,14,3,1, Done, dt, 26.394510543307433
Elevator call,1100.9817318383548,0,-1,3,8, Done, dt, 23.01826816164521
Elevator call,1110.9363220869398,-6,75,3,9, Done, dt, 42.063677913060246
Elevator call,1114.1653055169322,-1,71,3,6, Done, dt, 49.83469448306778
Elevator call,1115.2165025504728,-4,58,3,3, Done, dt, 153.7834974495272
Elevator call,1119.783579622445,53,99,3,1, Done, dt, 124.2164203775551
Elevator call,1121.0769400235208,-5,71,3,2, Done, dt, 112.92305997647918
Elevator call,1122.868718892777,32,-4,3,1, Done, dt, 47.131281107223
Elevator call,1124.9912322090395,63,-7,3,8, Done, dt, 95.00876779096052
Elevator call,1128.5852622096318,46,75,3,9, Done, dt, 24.414737790368235
Elevator call,1131.0698906210787,0,-3,3,5, Done, dt, 24.930109378921316
Elevator call,1134.8574987720767,5,18,3,3, Done, dt, 88.14250122792328
Elevator call,1137.2864140890024,-7,41,3,4, Done, dt, 46.71358591099761
Elevator call,1139.157777509387,16,0,3,1, Done, dt, 19.84222249061304
Elevator call,1140.3723948727877,35,53,3,7, Done, dt, 33.62760512721229
Elevator call,1144.1632396969096,-4,4,3,2, Done, dt, 35.83676030309039
Elevator call,1150.2448648202667,-2,-5,3,0, Done, dt, 17.755135179733315
Elevator call,1152.2385698563921,-1,41,3,2, Done, dt, 56.76143014360787
Elevator call,1152.2388987256822,100,-6,3,9, Done, dt, 127.76110127431775
Elevator call,1155.3440631322128,-7,87,3,3, Done, dt, 158.6559368677872
Elevator call,1157.272031886082,18,-4,3,8, Done, dt, 51.727968113917996
Elevator call,1162.3930140610696,36,-9,3,7, Done, dt, 544.6069859389304
Elevator call,1164.5670072287041,4,0,3,8, Done, dt, 33.43299277129586
Elevator call,1167.6061698271772,16,75,3,5, Done, dt, 46.393830172822845
Elevator call,1171.8952195932939,70,-5,3,9, Done, dt, 97.10478040670614
Elevator call,1172.8286726384108,45,-3,3,9, Done, dt, 85.17132736158919
Elevator call,1173.5958205858167,-6,69,3,7, Done, dt, 310.4041794141833
Elevator call,1179.7031704957944,62,12,3,9, Done, dt, 64.29682950420556
Elevator call,1179.7417726184294,30,-3,3,7, Done, dt, 494.2582273815706
Elevator call,1181.5838794642152,-2,13,3,1, Done, dt, 33.416120535784785
Elevator call,1181.9436040070755,53,-8,3,9, Done, dt, 109.05639599292454
Elevator call,1182.2547530062716,91,-4,3,0, Done, dt, 80.74524699372841
Elevator call,1184.5011582392087,92,-5,3,4, Done, dt, 105.49884176079127
Elevator call,1189.3866649624872,-2,-7,3,3, Done, dt, 340.6133350375128
Elevator call,1195.063846203905,-2,0,3,1, Done, dt, 275.9361537960949
Elevator call,1197.1043515847557,-5,38,3,7, Done, dt, 206.8956484152443
Elevator call,1199.2797461581047,-4,99,3,7, Done, dt, 355.7202538418953
Elevator call,1201.7684039334035,-8,57,3,7, Done, dt, 227.23159606659647
Elevator call,1202.3389805669212,37,-7,3,1, Done, dt, 169.66101943307876
Elevator call,1202.357388514136,-5,-8,3,1, Done, dt, 180.6426114858641
Elevator call,1207.7173723092817,86,0,3,0, Done, dt, 44.2826276907183
Elevator call,1210.9847162664726,-2,73,3,6, Done, dt, 75.01528373352744
Elevator call,1226.106720716349,-7,78,3,5, Done, dt, 77.89327928365105
Elevator call,1227.8791639617948,-6,30,3,7, Done, dt, 153.1208360382052
Elevator call,1227.9165748808487,-2,89,3,7, Done, dt, 282.08342511915134
Elevator call,1228.0073010483588,0,2,3,7, Done, dt, 102.99269895164116
Elevator call,1237.1616034890228,-9,94,3,7, Done, dt, 284.8383965109772
Elevator call,1243.533292674591,21,39,3,1, Done, dt, 284.46670732540906
Elevator call,1245.8470224499943,25,-8,3,5, Done, dt, 118.15297755000574
Elevator call,1246.1319363899163,92,-1,3,1, Done, dt, 92.86806361008371
Elevator call,1257.2938563066655,58,-7,3,3, Done, dt, 272.7061436933345
Elevator call,1257.3063176349929,85,70,3,1, Done, dt, 20.693682365007135
Elevator call,1260.6741416608286,-3,32,3,7, Done, dt, 131.32585833917142
Elevator call,1265.569939124297,-9,49,3,8, Done, dt, 53.43006087570302
Elevator call,1269.100212463696,-3,-1,3,7, Done, dt, 39.899787536304075
Elevator call,1269.8106227345797,-2,-5,3,4, Done, dt, 20.189377265420262
Elevator call,1270.233793922887,-9,96,3,9, Done, dt, 88.76620607711311
Elevator call,1273.6174856380183,87,-1,3,1, Done, dt, 65.38251436198175
Elevator call,1274.2344169028456,-9,-7,3,9, Done, dt, 38.765583097154376
Elevator call,1276.0353264494493,67,17,3,1, Done, dt, 50.96467355055074
Elevator call,1277.9473711653004,-1,-9,3,1, Done, dt, 116.05262883469959
Elevator call,1282.4864310719745,53,0,3,2, Done, dt, 76.5135689280255
Elevator call,1284.8531531537924,-3,19,3,2, Done, dt, 242.1468468462076
Elevator call,1291.067587937397,6,5,3,4, Done, dt, 27.932412062602907
Elevator call,1293.8593848060195,67,-4,3,6, Done, dt, 41.140615193980466
Elevator call,1299.440972395142,-6,33,3,0, Done, dt, 70.5590276048581
Elevator call,1303.5769334632205,-7,20,3,9, Done, dt, 26.423066536779515
Elevator call,1322.5239036192277,-5,49,3,0, Done, dt, 61.47609638077233
Elevator call,1322.5840807324116,-2,20,3,7, Done, dt, 45.41591926758838
Elevator call,1326.6571399140971,25,-6,3,8, Done, dt, 26.342860085902885
Elevator call,1327.5561037741038,-9,79,3,0, Done, dt, 72.4438962258962
Elevator call,1329.8156930342177,-5,85,3,4, Done, dt, 71.1843069657823
Elevator call,1332.596388048453,45,-9,3,2, Done, dt, 129.40361195154696
Elevator call,1333.0088756884447,47,-7,3,2, Done, dt, 117.99112431155527
Elevator call,1333.0269777843728,-1,0,3,1, Done, dt, 137.97302221562722
Elevator call,1333.664649857529,-2,3,3,1, Done, dt, 148.33535014247104
Elevator call,1334.0039813487767,-6,-8,3,1, Done, dt, 48.99601865122327
Elevator call,1339.845746335975,-4,-7,3,6, Done, dt, 11.154253664024964
Elevator call,1347.0012098813622,95,-5,3,3, Done, dt, 160.99879011863777
Elevator call,1351.0479231764434,-2,-5,3,0, Done, dt, 127.95207682355658
Elevator call,1356.7972028514087,-7,2,3,6, Done, dt, 67.20279714859134
Elevator call,1357.7467244417342,-9,78,3,6, Done, dt, 106.25327555826584
Elevator call,1358.609305003746,47,-2,3,9, Done, dt, 47.39069499625407
Elevator call,1360.1772447380552,-8,33,3,5, Done, dt, 27.82275526194485
Elevator call,1360.6968257122016,-6,66,3,1, Done, dt, 191.30317428779836
Elevator call,1361.1705754529962,-9,93,3,8, Done, dt, 48.82942454700378
Elevator call,1362.4367037255256,-9,25,3,8, Done, dt, 20.563296274474396
Elevator call,1363.0015854252174,25,-9,3,3, Done, dt, 188.9984145747826
Elevator call,1364.7292476399884,28,0,3,3, Done, dt, 99.27075236001156
Elevator call,1364.8524178539801,18,-8,3,3, Done, dt, 176.1475821460199
Elevator call,1377.8596856448899,-4,-1,3,6, Done, dt, 35.14031435511015
Elevator call,1379.2095768318104,45,-8,3,3, Done, dt, 161.7904231681896
Elevator call,1379.8342980787634,83,29,3,6, Done, dt, 120.16570192123663
Elevator call,1380.252063577014,95,7,3,7, Done, dt, 270.74793642298596
Elevator call,1380.399220298863,11,-7,3,3, Done, dt, 149.60077970113707
Elevator call,1381.02043983314,-3,-6,3,3, Done, dt, 137.97956016685998
Elevator call,1388.3037661954015,-8,-3,3,5, Done, dt, 36.69623380459848
Elevator call,1388.449849314929,0,-2,3,3, Done, dt, 86.550150685071
Elevator call,1388.939312796634,-3,-9,3,3, Done, dt, 163.0606872033659
Elevator call,1389.8671805783558,52,-8,3,0, Done, dt, 122.13281942164417
Elevator call,1395.8655017952324,-3,72,3,6, Done, dt, 56.134498204767624
Elevator call,1396.0880694147231,-6,5,3,1, Done, dt, 107.91193058527688
Elevator call,1398.1792205459647,24,-2,3,3, Done, dt, 76.82077945403535
Elevator call,1404.1631308694562,57,-7,3,0, Done, dt, 96.83686913054385
Elevator call,1404.4043289640715,76,21,3,0, Done, dt, 48.59567103592849
Elevator call,1406.8606643811554,89,-1,3,9, Done, dt, 66.1393356188446
Elevator call,1409.2671862619309,54,98,3,7, Done, dt, 134.73281373806913
Elevator call,1409.5266979167493,99,-7,3,8, Done, dt, 49.4733020832507
Elevator call,1413.5149550818837,-9,-3,3,5, Done, dt, 35.48504491811627
Elevator call,1422.8397493168122,-9,-5,3,1, Done, dt, 26.16025068318777
Elevator call,1434.5403898186416,61,99,3,7, Done, dt, 120.45961018135836
Elevator call,1434.7024181961738,3,-3,3,3, Done, dt, 51.29758180382623
Elevator call,1439.543220183873,72,95,3,7, Done, dt, 93.45677981612698
Elevator call,1446.8001777298787,-5,94,3,1, Done, dt, 139.19982227012133
Elevator call,1449.8546239838606,-2,95,3,1, Done, dt, 147.14537601613938
Elevator call,1454.7750462562867,-7,-1,3,2, Done, dt, 52.224953743713286
Elevator call,1461.6287793163938,-8,76,3,5, Done, dt, 39.371220683606225
Elevator call,1461.8547776876194,44,0,3,7, Done, dt, 201.1452223123806
Elevator call,1463.9346770863779,-8,-1,3,8, Done, dt, 44.06532291362214
Elevator call,1466.8601466168643,45,86,3,1, Done, dt, 108.13985338313569
Elevator call,1468.221513658522,-5,-7,3,4, Done, dt, 11.778486341477901
Elevator call,1471.3729134768964,-7,-2,3,2, Done, dt, 24.62708652310357
Elevator call,1472.8937442123322,-2,-7,3,9, Done, dt, 78.1062557876678
Elevator call,1475.6134286752601,-5,-8,3,3, Done, dt, 65.38657132473986
Elevator call,1476.8041757634246,-7,54,3,8, Done, dt, 66.19582423657539
Elevator call,1477.2033213825212,-1,58,3,8, Done, dt, 76.79667861747885
Elevator call,1478.3240077461994,3,-3,3,6, Done, dt, 50.67599225380059
Elevator call,1481.99182729632,-1,74,3,1, Done, dt, 81.00817270367997
Elevator call,1485.1823064146722,-5,12,3,8, Done, dt, 36.81769358532779
Elevator call,1509.7205247105835,41,-1,3,5, Done, dt, 58.279475289416496
Elevator call,1512.7947139112678,-6,68,3,0, Done, dt, 79.20528608873224
Elevator call,1517.4637911993823,-7,0,3,4, Done, dt, 15.536208800617715
Elevator call,1523.450100764459,42,-8,3,5, Done, dt, 57.549899235541034
Elevator call,1523.7700748161872,-4,57,3,0, Done, dt, 55.22992518381284
Elevator call,1530.7220893107267,13,22,3,0, Done, dt, 31.277910689273313
Elevator call,1533.6776641363724,-8,33,3,6, Done, dt, 33.322335863627586
Elevator call,1538.697385631926,23,-7,3,1, Done, dt, 89.30261436807405
Elevator call,1545.9110567379487,-3,40,3,4, Done, dt, 44.088943262051316
Elevator call,1556.255028612829,-9,14,3,3, Done, dt, 57.74497138717106
Elevator call,1557.7614471655359,-3,26,3,3, Done, dt, 67.23855283446414
Elevator call,1559.2090536092978,70,29,3,8, Done, dt, 34.790946390702175
Elevator call,1563.3358419767926,90,-5,3,7, Done, dt, 121.66415802320739
Elevator call,1567.7851367165688,-2,0,3,3, Done, dt, 34.214863283431214
Elevator call,1569.1203877442772,-2,74,3,3, Done, dt, 80.8796122557228
Elevator call,1570.3190386956924,55,-3,3,2, Done, dt, 60.68096130430763
Elevator call,1571.448043527401,-7,33,3,9, Done, dt, 21.55195647259893
Elevator call,1576.5539010621908,-1,67,3,3, Done, dt, 62.44609893780921
Elevator call,1592.4723434992618,-1,9,3,5, Done, dt, 71.5276565007382
Elevator call,1594.366927230598,-5,74,3,5, Done, dt, 111.6330727694019
Elevator call,1604.5237450895515,-7,-6,3,5, Done, dt, 22.47625491044846
Elevator call,1608.830049211409,45,-3,3,6, Done, dt, 35.169950788590995
Elevator call,1611.5326937131067,-4,-5,3,8, Done, dt, 30.46730628689329
Elevator call,1612.6710646771473,-1,-6,3,2, Done, dt, 30.328935322852658
Elevator call,1618.9227873408354,25,-6,3,7, Done, dt, 77.07721265916462
Elevator call,1620.161177603679,38,-2,3,9, Done, dt, 32.83882239632089
Elevator call,1620.6340102486652,-2,30,3,5, Done, dt, 60.36598975133484
Elevator call,1624.301981574941,0,-5,3,4, Done, dt, 25.69801842505899
Elevator call,1637.1887199150708,-9,87,3,1, Done, dt, 185.8112800849292
Elevator call,1640.2847754493555,-6,78,3,0, Done, dt, 52.71522455064451
Elevator call,1642.7981837108505,-6,37,3,8, Done, dt, 32.20181628914952
Elevator call,1644.8260787504978,-7,33,3,2, Done, dt, 41.1739212495022
Elevator call,1651.9890978222527,-5,66,3,1, Done, dt, 26.01090217774731
Elevator call,1652.4026552153646,56,0,3,3, Done, dt, 81.59734478463542
Elevator call,1656.4130405485112,-9,-6,3,6, Done, dt, 23.586959451488838
Elevator call,1657.5391014290974,4,-7,3,0, Done, dt, 94.4608985709026
Elevator call,1657.9367952414252,44,-1,3,3, Done, dt, 87.06320475857478
Elevator call,1660.5237771668446,25,-1,3,3, Done, dt, 84.47622283315536
Elevator call,1662.4631674593932,40,-3,3,3, Done, dt, 104.53683254060684
Elevator call,1663.4487979402438,-2,31,3,9, Done, dt, 20.55120205975618
Elevator call,1666.9799255652365,-7,-3,3,4, Done, dt, 36.0200744347635
Elevator call,1674.9433125804328,-8,80,3,8, Done, dt, 54.0566874195672
Elevator call,1675.7905955650967,-9,50,3,6, Done, dt, 40.20940443490326
Elevator call,1677.6107961212506,-9,71,3,1, Done, dt, 122.38920387874941
Elevator call,1677.9540287116627,-6,25,3,1, Done, dt, 86.04597128833734
Elevator call,1678.8684793977075,77,-2,3,1, Done, dt, 303.13152060229254
Elevator call,1681.804491862201,-5,-2,3,4, Done, dt, 32.195508137798925
Elevator call,1688.215626276046,69,-2,3,9, Done, dt, 48.784373723954104
Elevator call,1688.5251860038957,-3,82,3,4, Done, dt, 95.47481399610433
Elevator call,1692.7681369465865,23,-8,3,3, Done, dt, 96.23186305341346
Elevator call,1698.93046971912,33,-8,3,2, Done, dt, 32.06953028087992
Elevator call,1700.017068443354,75,-1,3,5, Done, dt, 62.98293155664601
Elevator call,1703.126420887719,-5,86,3,1, Done, dt, 108.87357911228105
Elevator call,1703.1869619386653,9,-8,3,3, Done, dt, 85.81303806133474
Elevator call,1704.253292357225,-5,-1,3,1, Done, dt, 46.746707642774936
Elevator call,1707.7472129658552,88,24,3,7, Done, dt, 103.25278703414483
Elevator call,1707.9000231820098,-9,92,3,7, Done, dt, 252.09997681799018
Elevator call,1711.9814837302506,-2,-9,3,0, Done, dt, 51.0185162697494
Elevator call,1712.7011439598464,-4,55,3,1, Done, dt, 75.29885604015362
Elevator call,1713.5372931690201,-9,92,3,4, Done, dt, 85.46270683097987
Elevator call,1721.549105181423,-2,71,3,1, Done, dt, 78.4508948185769
Elevator call,1722.3279917765997,-1,44,3,1, Done, dt, 53.672008223400326
Elevator call,1722.5037542043935,-6,19,3,3, Done, dt, 90.49624579560646
Elevator call,1732.0358797718554,-8,3,3,2, Done, dt, 27.964120228144566
Elevator call,1732.6012329724224,41,-1,3,5, Done, dt, 30.398767027577605
Elevator call,1735.7893560338396,-4,13,3,2, Done, dt, 39.21064396616043
Elevator call,1735.7992048601375,-9,-7,3,6, Done, dt, 16.20079513986252
Elevator call,1735.9921010631572,-2,-6,3,3, Done, dt, 42.00789893684282
Elevator call,1745.5832375090006,0,-1,3,9, Done, dt, 22.416762490999417
Elevator call,1747.4369468836471,81,67,3,7, Done, dt, 21.563053116352876
Elevator call,1747.7250635780247,14,-4,3,8, Done, dt, 23.274936421975326
Elevator call,1754.5256993237888,82,2,3,6, Done, dt, 84.47430067621121
Elevator call,1764.682180232652,-3,-1,3,5, Done, dt, 22.317819767348055
Elevator call,1767.3110885557594,-1,34,3,0, Done, dt, 162.6889114442406
Elevator call,1767.3257226605122,55,0,3,7, Done, dt, 70.67427733948784
Elevator call,1767.4902177176293,-7,-6,3,0, Done, dt, 23.50978228237068
Elevator call,1772.2341603555174,-9,34,3,0, Done, dt, 157.76583964448264
Elevator call,1773.282118556532,0,-6,3,7, Done, dt, 97.71788144346806
Elevator call,1775.1559439802877,58,-5,3,7, Done, dt, 84.8440560197123
Elevator call,1776.0288504331288,-5,7,3,0, Done, dt, 127.97114956687119
Elevator call,1776.2505261565082,1,-6,3,2, Done, dt, 31.74947384349184
Elevator call,1778.697945421201,-3,-5,3,9, Done, dt, 23.302054578799016
Elevator call,1782.1419780980607,-7,14,3,8, Done, dt, 38.85802190193931
Elevator call,1782.7430785883798,55,-3,3,7, Done, dt, 66.25692141162017
Elevator call,1784.367607382197,-5,75,3,0, Done, dt, 194.6323926178029
Elevator call,1785.6167097020075,-6,92,3,8, Done, dt, 65.38329029799252
Elevator call,1786.5041962635726,-5,38,3,0, Done, dt, 154.49580373642743
Elevator call,1787.1269048488048,-4,95,3,0, Done, dt, 205.87309515119523
Elevator call,1787.7055433645587,-9,0,3,5, Done, dt, 26.294456635441293
Elevator call,1789.2363914618957,79,-5,3,6, Done, dt, 93.76360853810434
Elevator call,1792.152618600526,95,-2,3,4, Done, dt, 87.84738139947399
Elevator call,1799.084668129456,72,-3,3,1, Done, dt, 193.91533187054392
Elevator call,1799.5039315952577,0,-2,3,3, Done, dt, 54.496068404742346
Elevator call,1806.1626997315673,-1,-4,3,9, Done, dt, 22.837300268432728
Elevator call,1806.2254790499496,42,-1,3,6, Done, dt, 54.77452095005037
Elevator call,1809.5085775752857,0,-3,3,2, Done, dt, 25.4914224247143
Elevator call,1810.7478638161176,-3,50,3,0, Done, dt, 153.25213618388239
Elevator call,1811.8200563542605,86,-8,3,1, Done, dt, 225.1799436457395
Elevator call,1811.8428674789004,58,45,3,1, Done, dt, 90.15713252109958
Elevator call,1812.693302373054,66,-8,3,3, Done, dt, 52.30669762694606
Elevator call,1816.0785780177196,-7,96,3,0, Done, dt, 187.92142198228044
Elevator call,1816.8409247548373,15,-8,3,7, Done, dt, 65.15907524516274
Elevator call,1817.194674890179,-5,13,3,9, Done, dt, 60.80532510982107
Elevator call,1830.6905477549308,-1,49,3,5, Done, dt, 41.309452245069224
Elevator call,1837.2490990315985,72,3,3,1, Done, dt, 122.75090096840154
Elevator call,1842.9631269290735,0,-2,3,6, Done, dt, 29.036873070926504
Elevator call,1845.7792709127632,-1,24,3,0, Done, dt, 72.2207290872368
Elevator call,1850.100587451799,43,-9,3,1, Done, dt, 197.8994125482011
Elevator call,1850.5070141145432,-6,24,3,9, Done, dt, 40.49298588545685
Elevator call,1854.0600873642377,-8,67,3,2, Done, dt, 84.93991263576231
Elevator call,1854.2040524982845,-9,99,3,2, Done, dt, 110.79594750171555
Elevator call,1855.0674009369372,0,40,3,0, Done, dt, 96.93259906306275
Elevator call,1857.2369181318377,56,0,3,1, Done, dt, 113.76308186816232
Elevator call,1858.0228498822491,0,-4,3,4, Done, dt, 32.97715011775085
Elevator call,1861.0663328543403,-3,29,3,8, Done, dt, 52.93366714565968
Elevator call,1862.0130818444516,16,-6,3,1, Done, dt, 152.98691815554844
Elevator call,1864.535694129499,-8,57,3,3, Done, dt, 38.46430587050099
Elevator call,1866.866891981263,0,19,3,3, Done, dt, 22.133108018736948
Elevator call,1867.6190695655823,-9,-1,3,0, Done, dt, 24.380930434417678
Elevator call,1868.73804605173,15,-2,3,1, Done, dt, 113.26195394827005
Elevator call,1870.6212924546353,-8,45,3,2, Done, dt, 47.378707545364705
Elevator call,1872.4957488050172,57,14,3,1, Done, dt, 75.50425119498277
Elevator call,1895.1604864169371,64,0,3,5, Done, dt, 119.83951358306285
Elevator call,1895.4698869931,-8,6,3,7, Done, dt, 22.53011300689991
Elevator call,1895.8488918401654,97,-1,3,5, Done, dt, 130.15110815983462
Elevator call,1897.324820087611,28,-6,3,9, Done, dt, 30.675179912389012
Elevator call,1913.8988110061612,48,-6,3,3, Done, dt, 84.10118899383883
Elevator call,1914.121827913519,59,-8,3,3, Done, dt, 94.87817208648107
Elevator call,1922.2741541787695,-7,6,3,4, Done, dt, 18.72584582123045
Elevator call,1923.9326020786862,0,-9,3,6, Done, dt, 25.06739792131384
Elevator call,1925.171660474897,-7,0,3,3, Done, dt, 171.82833952510305
Elevator call,1927.3868796886015,64,-2,3,3, Done, dt, 59.61312031139846
Elevator call,1932.5366433667266,70,-5,3,5, Done, dt, 115.4633566332734
Elevator call,1939.8587104226544,-9,-8,3,9, Done, dt, 22.14128957734556
Elevator call,1940.1566188031818,35,-3,3,0, Done, dt, 168.8433811968182
Elevator call,1940.2708443414872,100,0,3,0, Done, dt, 146.7291556585128
Elevator call,1941.7714126505448,84,-2,3,8, Done, dt, 95.22858734945521
Elevator call,1942.3371114950326,0,-1,3,4, Done, dt, 25.66288850496744
Elevator call,1945.755915172734,41,-1,3,5, Done, dt, 80.24408482726608
Elevator call,1947.6481865726096,-4,-7,3,1, Done, dt, 78.35181342739043
Elevator call,1953.468662353583,-5,98,3,6, Done, dt, 108.53133764641689
Elevator call,1956.3390120172116,-2,-4,3,1, Done, dt, 47.660987982788356
Elevator call,1956.5371918319986,0,43,3,4, Done, dt, 64.4628081680014
Elevator call,1958.6967580259707,0,-7,3,1, Done, dt, 67.30324197402933
Elevator call,1959.6254504229998,59,-3,3,5, Done, dt, 77.37454957700015
Elevator call,1959.7317708065573,90,-4,3,7, Done, dt, 151.26822919344272
Elevator call,1960.5399223377026,71,-7,3,7, Done, dt, 172.4600776622974
Elevator call,1961.6885315427262,-8,14,3,9, Done, dt, 48.311468457273804
Elevator call,1961.9800198893574,-1,30,3,6, Done, dt, 62.019980110642564
Elevator call,1962.5138577121352,-6,-1,3,9, Done, dt, 33.48614228786482
Elevator call,1964.2062818930276,-1,60,3,6, Done, dt, 77.79371810697239
Elevator call,1965.986866777626,35,-9,3,3, Done, dt, 54.01313322237411
Elevator call,1968.4024200626106,-9,20,3,9, Done, dt, 53.597579937389355
Elevator call,1972.4146692522254,60,-6,3,7, Done, dt, 149.5853307477746
Elevator call,1981.6877606296787,-8,15,3,6, Done, dt, 28.312239370321322
Elevator call,1983.896634825011,-3,97,3,3, Done, dt, 153.103365174989
Elevator call,1984.488252364766,71,-7,3,7, Done, dt, 148.5117476352341
Elevator call,1984.5648735490286,91,-2,3,0, Done, dt, 113.43512645097144
Elevator call,1991.1145870139378,1,-1,3,8, Done, dt, 34.88541298606219
Elevator call,1992.3412467215007,58,0,3,7, Done, dt, 96.65875327849926
Elevator call,1992.697637170722,-5,0,3,1, Done, dt, 121.30236282927808
Elevator call,1992.9462899250925,-5,0,3,1, Done, dt, 121.05371007490749
Elevator call,1992.9880643723927,22,66,3,4, Done, dt, 50.01193562760727
Elevator call,1996.930464965528,8,-7,3,8, Done, dt, 52.06953503447198
Elevator call,1998.8243011090783,73,-7,3,7, Done, dt, 134.1756988909217
Elevator call,2001.6649139956205,-8,27,3,3, Done, dt, 108.33508600437949
Elevator call,2004.2379517466657,35,-5,3,2, Done, dt, 86.76204825333434
Elevator call,2005.179930857387,96,21,3,0, Done, dt, 66.82006914261297
Elevator call,2008.9215388654925,-1,-6,3,5, Done, dt, 50.078461134507506
Elevator call,2013.481514317456,83,-2,3,7, Done, dt, 86.518485682544
Elevator call,2030.4766312019485,80,-6,3,7, Done, dt, 91.52336879805148
Elevator call,2034.337358664156,1,-2,3,9, Done, dt, 38.662641335844
Elevator call,2035.4561876703601,-1,48,3,3, Done, dt, 86.54381232963988
Elevator call,2038.10272182291,0,-5,3,9, Done, dt, 45.8972781770899
Elevator call,2039.0910398377735,-9,21,3,1, Done, dt, 87.90896016222655
Elevator call,2041.3493939022599,-5,-2,3,3, Done, dt, 33.65060609774014
Elevator call,2041.7577709941104,97,-3,3,3, Done, dt, 208.2422290058896
Elevator call,2043.312681663609,96,-1,3,4, Done, dt, 105.68731833639094
Elevator call,2048.2902593440613,-6,-3,3,1, Done, dt, 43.70974065593873
Elevator call,2051.249225893085,42,0,3,7, Done, dt, 37.75077410691483
Elevator call,2063.1410723154004,16,-4,3,3, Done, dt, 197.85892768459962
Elevator call,2064.927341487103,54,68,3,8, Done, dt, 24.07265851289685
Elevator call,2070.4931975268014,-9,29,3,5, Done, dt, 66.5068024731986
Elevator call,2073.297338711177,100,-3,3,6, Done, dt, 57.70266128882304
Elevator call,2074.1034986093396,73,-2,3,8, Done, dt, 119.89650139066043
Elevator call,2074.3928805214855,-4,0,3,1, Done, dt, 39.607119478514505
Elevator call,2077.820550173814,-9,-6,3,5, Done, dt, 15.1794498261861
Elevator call,2079.9906278203866,-5,18,3,9, Done, dt, 20.009372179613365
Elevator call,2083.0307935566566,67,36,3,4, Done, dt, 36.96920644334341
Elevator call,2090.9248776489753,-7,-2,3,5, Done, dt, 25.075122351024675
Elevator call,2090.9264113542085,69,97,3,8, Done, dt, 37.07358864579146
Elevator call,2091.053498112548,-4,71,3,1, Done, dt, 50.94650188745209
Elevator call,2091.961094690263,69,-5,3,6, Done, dt, 50.03890530973695
Elevator call,2102.368293589262,-7,68,3,9, Done, dt, 46.631706410737934
Elevator call,2102.7866477697917,42,-7,3,1, Done, dt, 67.21335223020833
Elevator call,2118.6588872855823,-6,-8,3,0, Done, dt, 22.341112714417704
Elevator call,2118.723455217277,-3,73,3,0, Done, dt, 80.2765447827228
Elevator call,2118.926976420136,-6,10,3,0, Done, dt, 57.073023579864184
Elevator call,2121.7440997766566,27,0,3,3, Done, dt, 106.25590022334336
Elevator call,2125.722554471652,6,5,3,2, Done, dt, 28.277445528347926
Elevator call,2127.2639993391444,43,-7,3,8, Done, dt, 88.73600066085555
Elevator call,2127.4749199492244,45,-6,3,8, Done, dt, 77.52508005077561
Elevator call,2133.3244333390385,-1,-2,3,7, Done, dt, 23.675566660961522
Elevator call,2135.6745395840035,-2,-6,3,4, Done, dt, 36.32546041599653
Elevator call,2136.7615544389896,0,15,3,7, Done, dt, 56.238445561010394
Elevator call,2137.8060194331215,-1,0,3,7, Done, dt, 41.19398056687851
Elevator call,2139.1314783266334,95,-5,3,3, Done, dt, 132.86852167336656
Elevator call,2143.5351502072103,-4,-2,3,6, Done, dt, 23.464849792789664
Elevator call,2148.2258621638084,-8,-3,3,5, Done, dt, 35.774137836191585
Elevator call,2152.5793221584954,95,-2,3,3, Done, dt, 825.4206778415046
Elevator call,2152.9343849257,0,30,3,6, Done, dt, 54.065615074299785
Elevator call,2154.85890670182,83,-9,3,3, Done, dt, 150.14109329817984
Elevator call,2158.3174696671417,87,70,3,1, Done, dt, 43.68253033285828
Elevator call,2158.9878330875185,-7,-9,3,4, Done, dt, 35.01216691248146
Elevator call,2160.743535052481,14,-7,3,3, Done, dt, 122.25646494751891
Elevator call,2169.7218238176097,-1,75,3,6, Done, dt, 59.278176182390325
Elevator call,2172.1570754096783,-4,-8,3,2, Done, dt, 28.842924590321672
Elevator call,2174.362476072649,0,88,3,6, Done, dt, 68.63752392735114
Elevator call,2175.0321167977663,-5,-8,3,0, Done, dt, 60.96788320223368
Elevator call,2178.249985442272,-9,55,3,9, Done, dt, 48.75001455772781
Elevator call,2191.1168722883904,-9,83,3,4, Done, dt, 58.88312771160963
Elevator call,2192.1583630015216,-4,58,3,9, Done, dt, 45.84163699847841
Elevator call,2192.2918005664724,0,-3,3,3, Done, dt, 57.708199433527625
Elevator call,2192.3628748643637,89,-2,3,7, Done, dt, 114.63712513563632
Elevator call,2207.1423201265857,-9,-6,3,5, Done, dt, 22.857679873414327
Elevator call,2211.8404699267353,-7,52,3,2, Done, dt, 72.1595300732647
Elevator call,2212.7000557064403,63,-7,3,2, Done, dt, 179.29994429355975
Elevator call,2212.8581893511623,48,-9,3,2, Done, dt, 190.1418106488377
Elevator call,2214.143365469154,72,-7,3,7, Done, dt, 104.8566345308459
Elevator call,2214.641201327051,86,0,3,7, Done, dt, 70.35879867294898
Elevator call,2215.3391237780143,-7,-3,3,2, Done, dt, 20.660876221985745
Elevator call,2216.2498577361944,-9,13,3,8, Done, dt, 27.75014226380563
Elevator call,2217.653227797735,57,7,3,6, Done, dt, 66.34677220226513
Elevator call,2223.8489867178773,74,-1,3,7, Done, dt, 72.15101328212268
Elevator call,2230.2513513793483,-8,83,3,1, Done, dt, 51.74864862065169
Elevator call,2235.121455643965,-7,-8,3,5, Done, dt, 237.87854435603504
Elevator call,2235.942671475367,-5,95,3,5, Done, dt, 55.057328524632794
Elevator call,2237.369156053958,0,79,3,2, Done, dt, 70.6308439460422
Elevator call,2240.1677863649275,-5,-8,3,3, Done, dt, 53.83221363507255
Elevator call,2241.724479868636,19,0,3,0, Done, dt, 30.27552013136392
Elevator call,2243.01531033935,-1,-5,3,8, Done, dt, 26.98468966065002
Elevator call,2246.9705000352255,-2,17,3,1, Done, dt, 18.02949996477446
Elevator call,2253.6629071038537,-4,-8,3,3, Done, dt, 40.33709289614626
Elevator call,2260.8751614789844,-9,-1,3,9, Done, dt, 50.12483852101559
Elevator call,2262.18679472014,-6,-2,3,4, Done, dt, 67.81320527986009
Elevator call,2267.104169592558,34,33,3,1, Done, dt, 40.89583040744219
Elevator call,2267.4159770200185,-2,3,3,3, Done, dt, 70.58402297998146
Elevator call,2272.1695357719664,41,-9,3,8, Done, dt, 45.830464228033634
Elevator call,2272.6458402771937,-3,25,3,8, Done, dt, 96.35415972280634
Elevator call,2276.4308663984903,50,-9,3,4, Done, dt, 160.56913360150975
Elevator call,2277.6101935200572,27,-2,3,4, Done, dt, 135.38980647994276
Elevator call,2278.214934302937,0,31,3,8, Done, dt, 102.78506569706315
Elevator call,2290.3500873992434,-8,21,3,9, Done, dt, 83.64991260075658
Elevator call,2297.982483231019,12,-8,3,6, Done, dt, 27.01751676898084
Elevator call,2299.927902687927,75,-8,3,5, Done, dt, 173.07209731207286
Elevator call,2307.64734645488,59,0,3,5, Done, dt, 109.35265354512012
Elevator call,2308.1676112148825,-1,44,3,3, Done, dt, 43.83238878511747
Elevator call,2310.0984941842457,-4,-3,3,9, Done, dt, 22.901505815754263
Elevator call,2314.292218713113,-2,76,3,1, Done, dt, 32.707781286886984
Elevator call,2316.40729203778,73,-8,3,0, Done, dt, 48.592707962220175
Elevator call,2317.4629492935333,58,-5,3,5, Done, dt, 122.53705070646674
Elevator call,2317.5779367179503,-9,-3,3,8, Done, dt, 12.422063282049749
Elevator call,2323.829003595679,-8,-9,3,7, Done, dt, 22.17099640432116
Elevator call,2325.9786884137343,90,29,3,3, Done, dt, 66.02131158626571
Elevator call,2327.7698028867494,44,-6,3,5, Done, dt, 123.2301971132506
Elevator call,2332.8522210129017,-9,-8,3,9, Done, dt, 23.147778987098263
Elevator call,2334.967504962236,53,-9,3,2, Done, dt, 68.03249503776397
Elevator call,2336.13059425422,-1,74,3,8, Done, dt, 76.86940574578011
Elevator call,2336.8093009368176,1,-4,3,5, Done, dt, 92.19069906318236
Elevator call,2337.185538428862,15,-6,3,3, Done, dt, 99.81446157113805
Elevator call,2343.664106727454,41,-4,3,5, Done, dt, 85.33589327254595
Elevator call,2347.7625395222076,0,-3,3,7, Done, dt, 24.23746047779241
Elevator call,2353.156081388724,3,-1,3,6, Done, dt, 25.843918611275967
Elevator call,2363.4522938789287,4,0,3,1, Done, dt, 129.54770612107131
Elevator call,2363.785039982779,-2,84,3,1, Done, dt, 37.214960017221074
Elevator call,2370.742638632525,24,-9,3,5, Done, dt, 113.25736136747491
Elevator call,2373.16016555462,49,-4,3,3, Done, dt, 52.83983444537989
Elevator call,2376.94639802908,-9,17,3,0, Done, dt, 27.053601970920226
Elevator call,2376.979287988717,23,-4,3,5, Done, dt, 52.020712011283194
Elevator call,2378.033220510763,-3,-8,3,1, Done, dt, 169.96677948923707
Elevator call,2385.6285777163093,-8,-9,3,6, Done, dt, 23.371422283690663
Elevator call,2386.73693791466,100,-6,3,7, Done, dt, 114.26306208534015
Elevator call,2387.607896653215,7,-6,3,3, Done, dt, 49.39210334678501
Elevator call,2391.1316805971037,-9,89,2,0
Elevator call,2391.8199954711704,-6,49,3,2, Done, dt, 61.18000452882961
Elevator call,2392.5767042882853,-9,-4,3,9, Done, dt, 13.423295711714673
Elevator call,2395.3864884957698,74,30,3,1, Done, dt, 52.613511504230246
Elevator call,2398.010424968684,29,-5,3,7, Done, dt, 91.98957503131578
Elevator call,2399.5939056066227,-9,-6,3,2, Done, dt, 15.406094393377316
Elevator call,2403.1848937873547,85,-7,3,0, Done, dt, 95.81510621264533
Elevator call,2405.6234222758103,0,-7,3,5, Done, dt, 56.3765777241897
Elevator call,2417.032547857947,62,-4,3,1, Done, dt, 108.96745214205293
Elevator call,2420.734173614246,-9,56,3,6, Done, dt, 28.265826385753826
Elevator call,2421.6356371206,62,-7,3,8, Done, dt, 94.36436287939978
Elevator call,2423.8208101643286,73,13,3,8, Done, dt, 66.17918983567142
Elevator call,2428.183952070437,-8,70,3,9, Done, dt, 73.81604792956296
Elevator call,2430.5758834269127,36,-2,3,1, Done, dt, 73.4241165730873
Elevator call,2432.8141223197017,52,-8,3,8, Done, dt, 94.18587768029829
Elevator call,2434.8373495889828,-8,-2,3,9, Done, dt, 17.16265041101724
Elevator call,2435.151806851676,80,-2,3,0, Done, dt, 52.848193148323844
Elevator call,2436.6560741927447,46,-2,3,7, Done, dt, 42.343925807255346
Elevator call,2441.910351522223,68,-7,3,0, Done, dt, 57.08964847777679
Elevator call,2445.8641265777906,-1,69,3,3, Done, dt, 98.13587342220944
Elevator call,2445.87039225254,33,18,3,3, Done, dt, 26.129607747459886
Elevator call,2448.0685338066455,13,-4,3,1, Done, dt, 77.93146619335448
Elevator call,2452.874477729476,59,0,3,6, Done, dt, 36.125522270524016
Elevator call,2456.973260261876,0,17,3,9, Done, dt, 21.02673973812398
Elevator call,2457.576155740021,-2,22,3,4, Done, dt, 67.42384425997898
Elevator call,2457.8646562483773,-7,98,3,4, Done, dt, 115.13534375162271
Elevator call,2461.3004643490017,13,-6,3,3, Done, dt, 33.699535650998314
Elevator call,2466.822951540673,25,6,3,8, Done, dt, 35.177048459327125
Elevator call,2473.8854697135853,1,-3,3,1, Done, dt, 41.11453028641472
Elevator call,2475.845333623581,-4,0,3,4, Done, dt, 28.154666376418845
Elevator call,2482.1956124295425,-6,-9,3,1, Done, dt, 76.8043875704575
Elevator call,2484.2542399912254,-7,11,3,5, Done, dt, 38.745760008774596
Elevator call,2486.2379023123513,44,-4,3,2, Done, dt, 68.76209768764875
Elevator call,2489.8168337422658,-2,0,3,6, Done, dt, 22.18316625773423
Elevator call,2491.0249394905936,-4,74,3,5, Done, dt, 83.97506050940638
Elevator call,2499.029334540349,42,0,3,2, Done, dt, 43.97066545965117
Elevator call,2502.5396823167835,-5,-9,3,7, Done, dt, 44.460317683216545
Elevator call,2503.113398985367,-2,-3,3,0, Done, dt, 22.886601014633015
Elevator call,2507.1115398963057,-2,-4,3,5, Done, dt, 135.88846010369434
Elevator call,2508.7379639570354,0,18,3,3, Done, dt, 20.26203604296461
Elevator call,2509.342159576339,-4,0,3,7, Done, dt, 81.65784042366113
Elevator call,2510.475848394783,-6,-7,3,7, Done, dt, 25.524151605216957
Elevator call,2510.6199347561446,92,-3,3,3, Done, dt, 214.38006524385537
Elevator call,2511.325148795401,25,0,3,6, Done, dt, 34.67485120459878
Elevator call,2516.5587071039417,88,54,3,3, Done, dt, 118.44129289605826
Elevator call,2521.467251314824,90,-6,3,3, Done, dt, 225.5327486851761
Elevator call,2522.288873768548,33,-1,3,5, Done, dt, 98.711126231452
Elevator call,2523.804208025812,93,-9,3,3, Done, dt, 234.19579197418807
Elevator call,2525.124448804789,97,-1,3,3, Done, dt, 177.87555119521085
Elevator call,2526.940194375318,-7,0,3,7, Done, dt, 64.05980562468221
Elevator call,2536.213859556289,-5,1,3,0, Done, dt, 23.786140443710792
Elevator call,2538.005055785392,45,62,3,5, Done, dt, 22.99494421460804
Elevator call,2540.3096897240234,-3,84,3,8, Done, dt, 45.69031027597657
Elevator call,2564.6569491721734,13,-2,3,1, Done, dt, 25.343050827826573
Elevator call,2567.111324488739,-2,16,3,6, Done, dt, 26.888675511261226
Elevator call,2567.32241251879,86,-3,3,3, Done, dt, 157.67758748121014
Elevator call,2570.877951972956,-2,-3,3,2, Done, dt, 22.122048027044002
Elevator call,2578.016962848029,19,-3,3,0, Done, dt, 30.983037151971075
Elevator call,2584.5364137917386,2,-7,3,9, Done, dt, 26.463586208261404
Elevator call,2587.3575871275652,93,-9,3,8, Done, dt, 49.64241287243476
Elevator call,2587.4879811119904,52,-5,3,3, Done, dt, 148.5120188880096
Elevator call,2589.8502065746843,-6,16,3,9, Done, dt, 84.14979342531569
Elevator call,2594.3254291270523,8,-8,3,6, Done, dt, 27.674570872947697
Elevator call,2595.170283719806,100,-9,3,4, Done, dt, 76.82971628019413
Elevator call,2596.6034245654655,-3,22,3,7, Done, dt, 28.396575434534498
Elevator call,2599.6252264099726,62,-3,3,3, Done, dt, 125.37477359002742
Elevator call,2606.603419101811,-8,46,3,1, Done, dt, 29.39658089818886
Elevator call,2607.694610344135,-2,-3,3,2, Done, dt, 12.305389655864928
Elevator call,2608.0155492730737,47,-2,3,3, Done, dt, 105.9844507269263
Elevator call,2610.911676923555,-5,-8,3,2, Done, dt, 32.088323076444794
Elevator call,2623.965227580937,91,0,3,0, Done, dt, 85.03477241906285
Elevator call,2628.7369534815844,-5,-8,3,6, Done, dt, 22.26304651841565
Elevator call,2633.525488863689,-9,0,3,9, Done, dt, 26.474511136310866
Elevator call,2638.089055083121,-6,-8,3,5, Done, dt, 26.91094491687909
Elevator call,2638.4484577932385,55,-1,3,8, Done, dt, 50.551542206761496
Elevator call,2643.0110386028673,23,-9,3,3, Done, dt, 114.9889613971327
Elevator call,2643.1701133272145,-9,100,3,2, Done, dt, 76.8298866727855
Elevator call,2647.0288524175908,86,0,3,7, Done, dt, 118.97114758240923
Elevator call,2649.516827960588,54,3,3,0, Done, dt, 48.483172039411784
Elevator call,2654.456850372818,-3,82,3,1, Done, dt, 62.543149627182174
Elevator call,2661.957770752642,61,-4,3,6, Done, dt, 54.04222924735814
Elevator call,2668.2864798771425,49,-8,3,0, Done, dt, 52.71352012285752
Elevator call,2668.3155206758856,0,72,3,1, Done, dt, 37.68447932411436
Elevator call,2669.789866097713,-8,-6,3,5, Done, dt, 12.210133902286998
Elevator call,2671.353863397592,53,89,3,1, Done, dt, 56.646136602408205
Elevator call,2673.119287093832,-7,-8,3,4, Done, dt, 22.8807129061679
Elevator call,2674.66112997513,8,0,3,3, Done, dt, 17.338870024870175
Elevator call,2677.378234100727,0,-9,3,1, Done, dt, 177.6217658992732
Elevator call,2681.783484985037,70,-5,3,7, Done, dt, 106.21651501496308
Elevator call,2691.0988199883927,82,0,3,9, Done, dt, 69.90118001160727
Elevator call,2692.892539429552,69,-5,3,7, Done, dt, 95.10746057044798
Elevator call,2694.518776976148,100,-3,3,5, Done, dt, 91.48122302385218
Elevator call,2699.9098977443327,73,-4,3,7, Done, dt, 77.09010225566726
Elevator call,2707.1722220947913,36,-6,3,4, Done, dt, 84.82777790520868
Elevator call,2711.388104912447,96,-7,3,2, Done, dt, 82.61189508755297
Elevator call,2712.745950838737,-6,25,3,4, Done, dt, 32.25404916126308
Elevator call,2717.807140512761,49,-9,3,8, Done, dt, 48.19285948723882
Elevator call,2718.9647691524524,-2,0,3,6, Done, dt, 23.03523084754761
Elevator call,2722.1864333625886,37,-9,3,8, Done, dt, 43.81356663741144
Elevator call,2722.2471057641396,-9,97,3,0, Done, dt, 43.75289423586037
Elevator call,2722.430739765068,77,-2,3,9, Done, dt, 49.56926023493179
Elevator call,2730.0840545828964,78,0,3,1, Done, dt, 91.91594541710356
Elevator call,2739.095206387731,77,0,3,1, Done, dt, 82.9047936122688
Elevator call,2741.936404029379,31,-6,3,7, Done, dt, 57.06359597062101
Elevator call,2744.5615496112378,70,-9,3,1, Done, dt, 110.43845038876225
Elevator call,2755.0727314609176,-5,-6,3,6, Done, dt, 24.927268539082434
Elevator call,2758.2870169478206,62,0,3,1, Done, dt, 63.712983052179425
Elevator call,2768.3422707300347,32,-7,3,1, Done, dt, 75.65772926996533
Elevator call,2769.1413754227033,58,-7,3,1, Done, dt, 74.85862457729672
Elevator call,2776.7846252367553,-9,-1,3,3, Done, dt, 12.215374763244654
Elevator call,2776.811646965792,-4,24,3,7, Done, dt, 50.18835303420792
Elevator call,2781.6075876373516,91,-4,3,0, Done, dt, 94.39241236264843
Elevator call,2782.898895326333,54,-2,3,1, Done, dt, 50.10110467366712
Elevator call,2785.8572292855993,66,-3,3,0, Done, dt, 79.14277071440074
Elevator call,2788.1629169907483,95,-3,3,3, Done, dt, 110.83708300925173
Elevator call,2789.3550274447603,86,49,3,0, Done, dt, 54.64497255523975
Elevator call,2796.6976459162443,-6,-4,3,4, Done, dt, 12.302354083755745
Elevator call,2798.9987980901587,62,-4,3,0, Done, dt, 77.00120190984126
Elevator call,2806.7342035415654,95,-1,3,3, Done, dt, 81.26579645843458
Elevator call,2807.077497319426,74,-4,3,3, Done, dt, 102.92250268057387
Elevator call,2807.253332153313,93,-8,3,3, Done, dt, 124.74666784668716
Elevator call,2808.961956516145,51,-1,3,3, Done, dt, 79.03804348385484
Elevator call,2816.3373715540206,27,-4,3,3, Done, dt, 93.66262844597941
Elevator call,2818.0068397033438,-9,64,3,8, Done, dt, 30.993160296656242
Elevator call,2818.2113405576183,27,-7,3,3, Done, dt, 102.78865944238169
Elevator call,2824.1045354161215,-1,-2,3,9, Done, dt, 22.895464583878493
Elevator call,2824.3706822166123,-1,0,3,9, Done, dt, 44.629317783387705
Elevator call,2826.5598059915874,8,-1,3,6, Done, dt, 27.440194008412618
Elevator call,2834.803190865716,5,-4,3,5, Done, dt, 26.196809134284194
Elevator call,2841.556710350079,79,-6,3,4, Done, dt, 105.4432896499211
Elevator call,2845.9500835607187,-4,45,3,2, Done, dt, 48.04991643928133
Elevator call,2846.233429346994,77,-1,3,2, Done, dt, 122.76657065300606
Elevator call,2846.632049355112,31,-9,3,3, Done, dt, 96.36795064488797
Elevator call,2853.890335859036,6,-3,3,3, Done, dt, 45.109664140964014
Elevator call,2854.5613276540594,49,-1,3,8, Done, dt, 48.43867234594063
Elevator call,2857.4171027567245,53,-5,3,8, Done, dt, 56.58289724327551
Elevator call,2858.602270319858,-2,50,3,1, Done, dt, 28.39772968014222
Elevator call,2868.5684273342886,-6,-8,3,0, Done, dt, 29.43157266571143
Elevator call,2882.9425489130963,77,-2,3,7, Done, dt, 55.05745108690371
Elevator call,2887.44957556049,-5,-2,3,9, Done, dt, 23.550424439510152
Elevator call,2891.145499040385,84,88,3,4, Done, dt, 122.85450095961505
Elevator call,2899.913121963131,75,-9,3,7, Done, dt, 50.086878036869166
Elevator call,2901.944472745994,-6,-7,3,0, Done, dt, 22.055527254005938
Elevator call,2908.703889833936,55,-5,3,1, Done, dt, 27.296110166063954
Elevator call,2914.3820288033266,0,-8,3,8, Done, dt, 24.617971196673352
Elevator call,2927.590693642819,-4,89,3,9, Done, dt, 56.40930635718087
Elevator call,2927.754088503806,-5,0,3,9, Done, dt, 23.245911496193912
Elevator call,2934.6859466760684,40,65,3,6, Done, dt, 35.3140533239316
Elevator call,2942.1415706075277,21,-5,3,1, Done, dt, 26.858429392472317
Elevator call,2954.948282674925,-8,-2,3,3, Done, dt, 23.05171732507506
Elevator call,2959.6392801165784,-9,10,3,7, Done, dt, 16.360719883421552
Elevator call,2960.074189136456,-4,-5,3,0, Done, dt, 22.92581086354403
Elevator call,2961.7599139761483,97,45,3,8, Done, dt, 68.24008602385175
Elevator call,2964.503368048686,13,-3,3,5, Done, dt, 29.496631951314157
Elevator call,2974.305118514897,53,11,3,6, Done, dt, 107.694881485103
Elevator call,2976.7621392213523,39,-9,3,6, Done, dt, 153.2378607786477
Elevator call,2978.5288822701177,49,-8,3,6, Done, dt, 140.47111772988228
Elevator call,2980.266811223981,-5,-6,3,3, Done, dt, 23.73318877601878
Elevator call,2981.4796833107403,-8,35,3,3, Done, dt, 47.520316689259744
Elevator call,2981.725124318695,92,-2,3,1, Done, dt, 49.27487568130482
Elevator call,2987.412107639715,48,20,3,6, Done, dt, 81.58789236028497
Elevator call,2992.6340188806307,40,-6,3,6, Done, dt, 104.36598111936928
Elevator call,2997.165424448904,31,-9,3,6, Done, dt, 132.8345755510959
Elevator call,2997.2611661226815,99,-5,3,9, Done, dt, 49.738833877318484
Elevator call,2998.050997510175,16,48,3,7, Done, dt, 30.949002489825034
Elevator call,2998.122052339314,73,-2,3,8, Done, dt, 53.877947660686004
Elevator call,3001.6875405702413,25,-4,3,0, Done, dt, 32.312459429758746
Elevator call,3005.8923836542385,59,-7,3,1, Done, dt, 47.10761634576147
Elevator call,3006.8559193568426,-2,67,3,5, Done, dt, 45.144080643157395
Elevator call,3017.6933386427418,100,81,3,4, Done, dt, 36.306661357258236
Elevator call,3020.043092872206,-1,-9,3,2, Done, dt, 14.956907127793784
Elevator call,3023.7501308215897,-7,-8,3,1, Done, dt, 40.249869178410336
Elevator call,3026.16101962205,-6,-7,3,1, Done, dt, 26.838980377950065
Elevator call,3030.0229935954612,67,-1,3,3, Done, dt, 40.97700640453877
Elevator call,3034.5420253406965,-3,65,3,0, Done, dt, 75.45797465930355
Elevator call,3034.7225340399896,77,-9,3,7, Done, dt, 102.27746596001043
Elevator call,3035.629282630579,23,-7,3,6, Done, dt, 72.37071736942107
Elevator call,3038.342821018123,15,70,3,0, Done, dt, 82.65717898187722
Elevator call,3042.8540627031834,-1,0,3,0, Done, dt, 24.145937296816555
Elevator call,3047.9099629748407,95,-9,3,9, Done, dt, 134.0900370251593
Elevator call,3051.0178992974415,4,-2,3,3, Done, dt, 30.982100702558455
Elevator call,3060.0920763748536,62,-5,3,7, Done, dt, 54.907923625146395
Elevator call,3068.6336385690347,60,-5,3,7, Done, dt, 46.3663614309653
Elevator call,3076.4816097162848,33,-5,3,1, Done, dt, 29.518390283715235
Elevator call,3077.884651383896,100,19,3,4, Done, dt, 71.1153486161038
Elevator call,3078.179634256725,59,-8,3,7, Done, dt, 47.82036574327503
Elevator call,3088.377664331474,-6,-8,3,3, Done, dt, 22.62233566852592
Elevator call,3096.4452254507632,-7,-8,3,2, Done, dt, 22.554774549236754
Elevator call,3098.3316841123237,51,-3,3,5, Done, dt, 55.66831588767627
Elevator call,3099.7682760138814,44,-1,3,9, Done, dt, 48.231723986118595
Elevator call,3103.8642646682715,-3,-7,3,8, Done, dt, 22.135735331728483
Elevator call,3104.655653936872,33,-8,3,9, Done, dt, 66.34434606312789
Elevator call,3109.610093847278,30,-6,3,9, Done, dt, 50.38990615272178
Elevator call,3112.4742275674935,-1,55,3,3, Done, dt, 49.52577243250653
Elevator call,3115.260315105944,-4,-2,3,3, Done, dt, 20.739684894056154
Elevator call,3115.687091493136,33,-7,3,5, Done, dt, 50.312908506864005
Elevator call,3125.7917983718207,70,-4,3,0, Done, dt, 26.208201628179268
Elevator call,3132.6661514417556,-4,-8,3,8, Done, dt, 22.333848558244426
Elevator call,3155.875938540825,48,-1,3,1, Done, dt, 27.12406145917521
Elevator call,3158.0517587929876,-9,-7,3,6, Done, dt, 12.948241207012416
Elevator call,3161.199672299166,34,-9,3,3, Done, dt, 48.800327700833805
Elevator call,3163.6429496330984,76,-3,3,0, Done, dt, 73.3570503669016
Elevator call,3168.2454327059922,93,-5,3,8, Done, dt, 122.75456729400776
Elevator call,3171.8599779654915,14,-8,3,3, Done, dt, 27.140022034508547
Elevator call,3175.5118194109323,92,-1,3,6, Done, dt, 90.48818058906772
Elevator call,3178.74426180716,47,-3,3,7, Done, dt, 99.25573819284
Elevator call,3179.2448105415506,-4,-5,3,5, Done, dt, 22.755189458449422
Elevator call,3180.658390392281,-5,-6,3,2, Done, dt, 22.341609607718965
Elevator call,3181.4437039713866,-6,-7,3,5, Done, dt, 42.55629602861336
Elevator call,3181.688649894401,56,-2,3,9, Done, dt, 143.3113501055991
Elevator call,3189.807491007807,39,-9,3,1, Done, dt, 51.19250899219287
Elevator call,3192.431488413434,42,50,3,6, Done, dt, 18.56851158656582
Elevator call,3192.9035075796933,-9,-3,3,1, Done, dt, 59.09649242030673
Elevator call,3193.2930714581894,98,0,3,4, Done, dt, 97.70692854181061
Elevator call,3194.768298846198,19,-5,3,0, Done, dt, 53.23170115380208
Elevator call,3194.7917996620163,95,-5,3,4, Done, dt, 119.20820033798373
Elevator call,3200.5302633762726,71,-1,3,4, Done, dt, 101.46973662372739
Elevator call,3201.325155510777,0,-3,3,0, Done, dt, 35.67484448922278
Elevator call,3202.693894365714,39,1,3,7, Done, dt, 53.306105634285814
Elevator call,3209.986092756359,59,-9,3,8, Done, dt, 103.01390724364092
Elevator call,3210.7127794511453,30,-3,3,7, Done, dt, 67.28722054885475
Elevator call,3210.78747930172,-5,-9,3,3, Done, dt, 22.21252069828006
Elevator call,3212.3126188586666,-5,-7,3,1, Done, dt, 17.68738114133339
Elevator call,3212.6633913269834,53,-6,3,8, Done, dt, 89.3366086730166
Elevator call,3218.284879495336,-6,0,3,2, Done, dt, 14.7151205046639
Elevator call,3218.5336700123858,90,-7,3,9, Done, dt, 128.46632998761424
Elevator call,3219.6888161153843,8,-6,3,2, Done, dt, 44.31118388461573
Elevator call,3223.8192711225843,49,-3,3,8, Done, dt, 56.18072887741573
Elevator call,3226.0730188776465,31,-9,3,8, Done, dt, 86.92698112235348
Elevator call,3226.304673460496,80,-1,3,9, Done, dt, 87.6953265395041
Elevator call,3227.2374361139846,28,-1,3,7, Done, dt, 39.762563886015414
Elevator call,3233.259244460794,92,-2,1,6
Elevator call,3234.047912053704,95,-7,3,5, Done, dt, 87.95208794629616
Elevator call,3241.4276323810345,1,-9,3,7, Done, dt, 48.57236761896547
Elevator call,3241.4678655400558,97,-1,3,9, Done, dt, 72.53213445994425
Elevator call,3244.836670198264,-3,17,3,3, Done, dt, 23.163329801735927
Elevator call,3265.7928399059965,72,-6,3,9, Done, dt, 70.20716009400348
Elevator call,3278.9283272900793,22,59,3,3, Done, dt, 25.071672709920676
Elevator call,3279.38062775093,-7,0,3,2, Done, dt, 25.619372249069784
Elevator call,3282.115805048996,95,0,3,0, Done, dt, 65.88419495100379
Elevator call,3285.619072290181,24,-4,3,1, Done, dt, 26.380927709818934
Elevator call,3299.5125897052194,74,12,3,0, Done, dt, 35.4874102947806
Elevator call,3301.5207820770293,0,-4,3,6, Done, dt, 22.479217922970747
Elevator call,3304.993510016222,95,0,3,3, Done, dt, 31.00648998377801
Elevator call,3308.0352073033005,77,-2,3,2, Done, dt, 119.96479269669953
Elevator call,3316.4281389159414,89,-8,3,1, Done, dt, 40.57186108405858
Elevator call,3340.1674050286056,21,-2,3,3, Done, dt, 24.83259497139443
Elevator call,3347.218750691439,63,-8,3,7, Done, dt, 93.7812493085612
Elevator call,3350.895634943573,34,-3,3,0, Done, dt, 35.104365056427014
Elevator call,3357.900656490786,-5,-8,3,4, Done, dt, 12.099343509214123
Elevator call,3359.437459204804,6,-1,3,6, Done, dt, 24.562540795196128
Elevator call,3360.435945454844,74,34,3,2, Done, dt, 39.56405454515607
Elevator call,3363.386012108891,47,-9,3,7, Done, dt, 88.61398789110899
Elevator call,3364.518234454332,61,-4,3,7, Done, dt, 65.48176554566817
Elevator call,3366.9403906967073,-8,54,3,8, Done, dt, 38.059609303292746
Elevator call,3373.0148151615467,39,0,3,7, Done, dt, 45.98518483845328
Elevator call,3385.236027540336,0,-2,3,6, Done, dt, 22.76397245966382
Elevator call,3396.63492136233,16,-4,3,3, Done, dt, 77.3650786376702
Elevator call,3397.364157627234,67,-8,3,1, Done, dt, 32.63584237276609
Elevator call,3406.3730126641044,15,0,3,3, Done, dt, 56.62698733589559
Elevator call,3407.6938356429073,7,-7,3,3, Done, dt, 77.30616435709271
Elevator call,3410.9839116431385,1,0,3,9, Done, dt, 23.016088356861474
Elevator call,3413.7028999166096,-4,-9,3,5, Done, dt, 23.297100083390433
Elevator call,3414.4050158966493,47,-1,3,8, Done, dt, 46.594984103350725
Elevator call,3414.97575325768,48,-1,3,8, Done, dt, 46.024246742319974
Elevator call,3418.18804908714,3,-3,3,6, Done, dt, 23.811950912860084
Elevator call,3419.500235289315,-5,-1,3,4, Done, dt, 25.499764710685213
Elevator call,3419.888829856991,76,-7,3,3, Done, dt, 65.11117014300908
Elevator call,3439.8006026687117,100,-4,3,1, Done, dt, 42.19939733128831
Elevator call,3445.3315590257907,54,-6,3,0, Done, dt, 36.66844097420926
Elevator call,3450.797598520454,95,0,3,9, Done, dt, 79.2024014795461
Elevator call,3457.4418831866315,20,-1,3,6, Done, dt, 32.55811681336854
Elevator call,3465.60821407631,11,-9,3,8, Done, dt, 28.391785923689895
Elevator call,3475.950401903433,27,-6,3,7, Done, dt, 49.049598096567024
Elevator call,3477.8126753710967,27,-7,3,5, Done, dt, 89.1873246289033
Elevator call,3480.369593182847,93,85,3,4, Done, dt, 71.63040681715302
Elevator call,3487.570154807464,-1,0,3,2, Done, dt, 23.42984519253605
Elevator call,3488.4426678668215,66,-4,3,3, Done, dt, 33.557332133178534
Elevator call,3492.398308902597,-7,-5,3,0, Done, dt, 22.60169109740309
Elevator call,3494.0072968222057,30,-9,3,7, Done, dt, 41.99270317779428
Elevator call,3498.3365426072523,65,-6,3,5, Done, dt, 57.66345739274766
Elevator call,3499.6184410710457,71,55,3,2, Done, dt, 75.38155892895429
Elevator call,3502.7762158236474,42,-6,3,9, Done, dt, 50.22378417635264
Elevator call,3503.6291517935006,68,0,3,1, Done, dt, 32.37084820649943
Elevator call,3505.473737103803,-7,-3,3,3, Done, dt, 38.52626289619684
Elevator call,3519.067407852869,19,16,3,6, Done, dt, 23.93259214713089
Elevator call,3525.936132075466,-4,-2,3,0, Done, dt, 22.06386792453395
Elevator call,3528.256459821987,-5,-8,3,9, Done, dt, 35.74354017801306
Elevator call,3530.5956040508026,81,-6,3,8, Done, dt, 60.40439594919735
Elevator call,3538.1250440646318,97,-2,3,1, Done, dt, 40.874955935368234
Elevator call,3542.343160762149,0,-5,3,6, Done, dt, 26.656839237850818
Elevator call,3550.6846852607705,66,-4,2,4
Elevator call,3556.8496993385816,25,0,3,7, Done, dt, 39.15030066141844
Elevator call,3566.2371973373392,-1,0,3,0, Done, dt, 22.76280266266076
Elevator call,3566.5273422617847,46,-1,3,3, Done, dt, 27.472657738215275
Elevator call,3573.7583177403176,20,-4,2,7
Elevator call,3581.790244814656,86,-5,1,2
Elevator call,3588.0522853834555,-4,-7,1,3
Elevator call,3598.719509318126,29,-7,1,0
Elevator call,3599.437366114737,86,-3,0,-1
